<?xml version="1.0" encoding="UTF-8"?>
<root>
  <item name="com.sandrios.sandriosCamera.internal.manager.impl.BaseCameraManager int getPhotoOrientation(int) 0">
    <annotation name="android.support.annotation.IntDef">
      <val name="value" val="{com.sandrios.sandriosCamera.internal.configuration.CameraConfiguration.SENSOR_POSITION_UP, com.sandrios.sandriosCamera.internal.configuration.CameraConfiguration.SENSOR_POSITION_UP_SIDE_DOWN, com.sandrios.sandriosCamera.internal.configuration.CameraConfiguration.SENSOR_POSITION_LEFT, com.sandrios.sandriosCamera.internal.configuration.CameraConfiguration.SENSOR_POSITION_RIGHT, com.sandrios.sandriosCamera.internal.configuration.CameraConfiguration.SENSOR_POSITION_UNSPECIFIED}" />
    </annotation>
  </item>
  <item name="com.sandrios.sandriosCamera.internal.manager.impl.BaseCameraManager int getVideoOrientation(int) 0">
    <annotation name="android.support.annotation.IntDef">
      <val name="value" val="{com.sandrios.sandriosCamera.internal.configuration.CameraConfiguration.SENSOR_POSITION_UP, com.sandrios.sandriosCamera.internal.configuration.CameraConfiguration.SENSOR_POSITION_UP_SIDE_DOWN, com.sandrios.sandriosCamera.internal.configuration.CameraConfiguration.SENSOR_POSITION_LEFT, com.sandrios.sandriosCamera.internal.configuration.CameraConfiguration.SENSOR_POSITION_RIGHT, com.sandrios.sandriosCamera.internal.configuration.CameraConfiguration.SENSOR_POSITION_UNSPECIFIED}" />
    </annotation>
  </item>
  <item name="com.sandrios.sandriosCamera.internal.manager.impl.Camera1Manager com.sandrios.sandriosCamera.internal.utils.Size getPhotoSizeForQuality(int) 0">
    <annotation name="android.support.annotation.IntDef">
      <val name="value" val="{com.sandrios.sandriosCamera.internal.configuration.CameraConfiguration.MEDIA_QUALITY_AUTO, com.sandrios.sandriosCamera.internal.configuration.CameraConfiguration.MEDIA_QUALITY_LOWEST, com.sandrios.sandriosCamera.internal.configuration.CameraConfiguration.MEDIA_QUALITY_LOW, com.sandrios.sandriosCamera.internal.configuration.CameraConfiguration.MEDIA_QUALITY_MEDIUM, com.sandrios.sandriosCamera.internal.configuration.CameraConfiguration.MEDIA_QUALITY_HIGH, com.sandrios.sandriosCamera.internal.configuration.CameraConfiguration.MEDIA_QUALITY_HIGHEST}" />
    </annotation>
  </item>
  <item name="com.sandrios.sandriosCamera.internal.manager.impl.Camera1Manager int getPhotoOrientation(int) 0">
    <annotation name="android.support.annotation.IntDef">
      <val name="value" val="{com.sandrios.sandriosCamera.internal.configuration.CameraConfiguration.SENSOR_POSITION_UP, com.sandrios.sandriosCamera.internal.configuration.CameraConfiguration.SENSOR_POSITION_UP_SIDE_DOWN, com.sandrios.sandriosCamera.internal.configuration.CameraConfiguration.SENSOR_POSITION_LEFT, com.sandrios.sandriosCamera.internal.configuration.CameraConfiguration.SENSOR_POSITION_RIGHT, com.sandrios.sandriosCamera.internal.configuration.CameraConfiguration.SENSOR_POSITION_UNSPECIFIED}" />
    </annotation>
  </item>
  <item name="com.sandrios.sandriosCamera.internal.manager.impl.Camera1Manager int getVideoOrientation(int) 0">
    <annotation name="android.support.annotation.IntDef">
      <val name="value" val="{com.sandrios.sandriosCamera.internal.configuration.CameraConfiguration.SENSOR_POSITION_UP, com.sandrios.sandriosCamera.internal.configuration.CameraConfiguration.SENSOR_POSITION_UP_SIDE_DOWN, com.sandrios.sandriosCamera.internal.configuration.CameraConfiguration.SENSOR_POSITION_LEFT, com.sandrios.sandriosCamera.internal.configuration.CameraConfiguration.SENSOR_POSITION_RIGHT, com.sandrios.sandriosCamera.internal.configuration.CameraConfiguration.SENSOR_POSITION_UNSPECIFIED}" />
    </annotation>
  </item>
  <item name="com.sandrios.sandriosCamera.internal.manager.impl.Camera1Manager void setFlashMode(android.hardware.Camera, android.hardware.Camera.Parameters, int) 2">
    <annotation name="android.support.annotation.IntDef">
      <val name="value" val="{com.sandrios.sandriosCamera.internal.configuration.CameraConfiguration.FLASH_MODE_ON, com.sandrios.sandriosCamera.internal.configuration.CameraConfiguration.FLASH_MODE_OFF, com.sandrios.sandriosCamera.internal.configuration.CameraConfiguration.FLASH_MODE_AUTO}" />
    </annotation>
  </item>
  <item name="com.sandrios.sandriosCamera.internal.manager.impl.Camera1Manager void setFlashMode(int) 0">
    <annotation name="android.support.annotation.IntDef">
      <val name="value" val="{com.sandrios.sandriosCamera.internal.configuration.CameraConfiguration.FLASH_MODE_ON, com.sandrios.sandriosCamera.internal.configuration.CameraConfiguration.FLASH_MODE_OFF, com.sandrios.sandriosCamera.internal.configuration.CameraConfiguration.FLASH_MODE_AUTO}" />
    </annotation>
  </item>
</root>

