<?xml version="1.0" encoding="UTF-8"?>
<root>
  <item name="com.sandrios.sandriosCamera.internal.ui.model.PhotoQualityOption PhotoQualityOption(int, com.sandrios.sandriosCamera.internal.utils.Size) 0">
    <annotation name="android.support.annotation.IntDef">
      <val name="value" val="{com.sandrios.sandriosCamera.internal.configuration.CameraConfiguration.MEDIA_QUALITY_AUTO, com.sandrios.sandriosCamera.internal.configuration.CameraConfiguration.MEDIA_QUALITY_LOWEST, com.sandrios.sandriosCamera.internal.configuration.CameraConfiguration.MEDIA_QUALITY_LOW, com.sandrios.sandriosCamera.internal.configuration.CameraConfiguration.MEDIA_QUALITY_MEDIUM, com.sandrios.sandriosCamera.internal.configuration.CameraConfiguration.MEDIA_QUALITY_HIGH, com.sandrios.sandriosCamera.internal.configuration.CameraConfiguration.MEDIA_QUALITY_HIGHEST}" />
    </annotation>
  </item>
  <item name="com.sandrios.sandriosCamera.internal.ui.model.PhotoQualityOption int getMediaQuality()">
    <annotation name="android.support.annotation.IntDef">
      <val name="value" val="{com.sandrios.sandriosCamera.internal.configuration.CameraConfiguration.MEDIA_QUALITY_AUTO, com.sandrios.sandriosCamera.internal.configuration.CameraConfiguration.MEDIA_QUALITY_LOWEST, com.sandrios.sandriosCamera.internal.configuration.CameraConfiguration.MEDIA_QUALITY_LOW, com.sandrios.sandriosCamera.internal.configuration.CameraConfiguration.MEDIA_QUALITY_MEDIUM, com.sandrios.sandriosCamera.internal.configuration.CameraConfiguration.MEDIA_QUALITY_HIGH, com.sandrios.sandriosCamera.internal.configuration.CameraConfiguration.MEDIA_QUALITY_HIGHEST}" />
    </annotation>
  </item>
  <item name="com.sandrios.sandriosCamera.internal.ui.model.PhotoQualityOption mediaQuality">
    <annotation name="android.support.annotation.IntDef">
      <val name="value" val="{com.sandrios.sandriosCamera.internal.configuration.CameraConfiguration.MEDIA_QUALITY_AUTO, com.sandrios.sandriosCamera.internal.configuration.CameraConfiguration.MEDIA_QUALITY_LOWEST, com.sandrios.sandriosCamera.internal.configuration.CameraConfiguration.MEDIA_QUALITY_LOW, com.sandrios.sandriosCamera.internal.configuration.CameraConfiguration.MEDIA_QUALITY_MEDIUM, com.sandrios.sandriosCamera.internal.configuration.CameraConfiguration.MEDIA_QUALITY_HIGH, com.sandrios.sandriosCamera.internal.configuration.CameraConfiguration.MEDIA_QUALITY_HIGHEST}" />
    </annotation>
  </item>
  <item name="com.sandrios.sandriosCamera.internal.ui.model.VideoQualityOption VideoQualityOption(int, android.media.CamcorderProfile, double) 0">
    <annotation name="android.support.annotation.IntDef">
      <val name="value" val="{com.sandrios.sandriosCamera.internal.configuration.CameraConfiguration.MEDIA_QUALITY_AUTO, com.sandrios.sandriosCamera.internal.configuration.CameraConfiguration.MEDIA_QUALITY_LOWEST, com.sandrios.sandriosCamera.internal.configuration.CameraConfiguration.MEDIA_QUALITY_LOW, com.sandrios.sandriosCamera.internal.configuration.CameraConfiguration.MEDIA_QUALITY_MEDIUM, com.sandrios.sandriosCamera.internal.configuration.CameraConfiguration.MEDIA_QUALITY_HIGH, com.sandrios.sandriosCamera.internal.configuration.CameraConfiguration.MEDIA_QUALITY_HIGHEST}" />
    </annotation>
  </item>
  <item name="com.sandrios.sandriosCamera.internal.ui.model.VideoQualityOption int getMediaQuality()">
    <annotation name="android.support.annotation.IntDef">
      <val name="value" val="{com.sandrios.sandriosCamera.internal.configuration.CameraConfiguration.MEDIA_QUALITY_AUTO, com.sandrios.sandriosCamera.internal.configuration.CameraConfiguration.MEDIA_QUALITY_LOWEST, com.sandrios.sandriosCamera.internal.configuration.CameraConfiguration.MEDIA_QUALITY_LOW, com.sandrios.sandriosCamera.internal.configuration.CameraConfiguration.MEDIA_QUALITY_MEDIUM, com.sandrios.sandriosCamera.internal.configuration.CameraConfiguration.MEDIA_QUALITY_HIGH, com.sandrios.sandriosCamera.internal.configuration.CameraConfiguration.MEDIA_QUALITY_HIGHEST}" />
    </annotation>
  </item>
  <item name="com.sandrios.sandriosCamera.internal.ui.model.VideoQualityOption mediaQuality">
    <annotation name="android.support.annotation.IntDef">
      <val name="value" val="{com.sandrios.sandriosCamera.internal.configuration.CameraConfiguration.MEDIA_QUALITY_AUTO, com.sandrios.sandriosCamera.internal.configuration.CameraConfiguration.MEDIA_QUALITY_LOWEST, com.sandrios.sandriosCamera.internal.configuration.CameraConfiguration.MEDIA_QUALITY_LOW, com.sandrios.sandriosCamera.internal.configuration.CameraConfiguration.MEDIA_QUALITY_MEDIUM, com.sandrios.sandriosCamera.internal.configuration.CameraConfiguration.MEDIA_QUALITY_HIGH, com.sandrios.sandriosCamera.internal.configuration.CameraConfiguration.MEDIA_QUALITY_HIGHEST}" />
    </annotation>
  </item>
</root>

