<?xml version="1.0" encoding="UTF-8"?>
<root>
  <item name="com.sandrios.sandriosCamera.internal.controller.impl.Camera1Controller void setFlashMode(int) 0">
    <annotation name="android.support.annotation.IntDef">
      <val name="value" val="{com.sandrios.sandriosCamera.internal.configuration.CameraConfiguration.FLASH_MODE_ON, com.sandrios.sandriosCamera.internal.configuration.CameraConfiguration.FLASH_MODE_OFF, com.sandrios.sandriosCamera.internal.configuration.CameraConfiguration.FLASH_MODE_AUTO}" />
    </annotation>
  </item>
  <item name="com.sandrios.sandriosCamera.internal.controller.impl.Camera1Controller void switchCamera(int) 0">
    <annotation name="android.support.annotation.IntDef">
      <val name="value" val="{com.sandrios.sandriosCamera.internal.configuration.CameraConfiguration.CAMERA_FACE_FRONT, com.sandrios.sandriosCamera.internal.configuration.CameraConfiguration.CAMERA_FACE_REAR}" />
    </annotation>
  </item>
</root>

